{
    "version": 8,
    "name": "Cisco-NetAcad-Map",
    "metadata": {
        "mapbox:origin": "basic-template-v1",
        "mapbox:autocomposite": true,
        "mapbox:type": "template",
        "mapbox:sdk-support": {
            "js": "0.45.0",
            "android": "6.0.0",
            "ios": "4.0.0"
        }
    },
    "center": [
        -65.0045902552468,
        7.9021091577700275
    ],
    "zoom": 2.9547871628334352,
    "bearing": 0,
    "pitch": 37.50000000000002,
    "sources": {
        "mapbox-streets": {
            "url": "mapbox://mapbox.mapbox-streets-v7",
            "type": "vector"
        }
    },
    "sprite": "mapbox://sprites/dlivingston/cjhs7ziu2cwf52sqjdkv7xpl1",
    "glyphs": "mapbox://fonts/dlivingston/{fontstack}/{range}.pbf",
    "layers": [
        {
            "id": "background",
            "type": "background",
            "layout": {},
            "paint": {
                "background-color": [
                    "interpolate",
                    [
                        "linear"
                    ],
                    [
                        "zoom"
                    ],
                    0,
                    "hsl(192, 100%, 46%)",
                    22,
                    "hsl(192, 100%, 46%)"
                ]
            }
        },
        {
            "id": "waterway",
            "type": "line",
            "source": "mapbox-streets",
            "source-layer": "waterway",
            "minzoom": 8,
            "filter": [
                "all",
                [
                    "==",
                    "$type",
                    "LineString"
                ],
                [
                    "in",
                    "class",
                    "canal",
                    "river"
                ]
            ],
            "layout": {
                "line-join": "round",
                "line-cap": "round"
            },
            "paint": {
                "line-color": "#005073",
                "line-width": [
                    "interpolate",
                    [
                        "exponential",
                        1.3
                    ],
                    [
                        "zoom"
                    ],
                    8.5,
                    0.1,
                    20,
                    8
                ],
                "line-opacity": [
                    "interpolate",
                    [
                        "linear"
                    ],
                    [
                        "zoom"
                    ],
                    8,
                    0,
                    8.5,
                    1
                ]
            }
        },
        {
            "id": "water",
            "type": "fill",
            "source": "mapbox-streets",
            "source-layer": "water",
            "layout": {},
            "paint": {
                "fill-color": "#005073"
            }
        },
        {
            "id": "water pattern",
            "type": "fill",
            "source": "mapbox-streets",
            "source-layer": "water",
            "layout": {},
            "paint": {
                "fill-color": "#005073",
                "fill-pattern": [
                    "step",
                    [
                        "zoom"
                    ],
                    "bg-contour-tile",
                    22,
                    "bg-contour-tile"
                ]
            }
        },
        {
            "id": "admin-state-province",
            "type": "line",
            "source": "mapbox-streets",
            "source-layer": "admin",
            "minzoom": 2,
            "filter": [
                "all",
                [
                    "==",
                    "maritime",
                    0
                ],
                [
                    ">=",
                    "admin_level",
                    3
                ]
            ],
            "layout": {
                "line-join": "round",
                "line-cap": "round"
            },
            "paint": {
                "line-dasharray": [
                    "step",
                    [
                        "zoom"
                    ],
                    [
                        "literal",
                        [
                            2,
                            0
                        ]
                    ],
                    7,
                    [
                        "literal",
                        [
                            2,
                            2,
                            6,
                            2
                        ]
                    ]
                ],
                "line-width": [
                    "interpolate",
                    [
                        "linear"
                    ],
                    [
                        "zoom"
                    ],
                    7,
                    0.75,
                    12,
                    1.5
                ],
                "line-opacity": [
                    "interpolate",
                    [
                        "linear"
                    ],
                    [
                        "zoom"
                    ],
                    2,
                    0,
                    3,
                    1
                ],
                "line-color": "#f0f0f0"
            }
        },
        {
            "id": "admin-country",
            "type": "line",
            "source": "mapbox-streets",
            "source-layer": "admin",
            "minzoom": 1,
            "filter": [
                "all",
                [
                    "<=",
                    "admin_level",
                    2
                ],
                [
                    "==",
                    "disputed",
                    0
                ],
                [
                    "==",
                    "maritime",
                    0
                ]
            ],
            "layout": {
                "line-join": "round",
                "line-cap": "round"
            },
            "paint": {
                "line-color": "#ffffff",
                "line-width": [
                    "interpolate",
                    [
                        "linear"
                    ],
                    [
                        "zoom"
                    ],
                    3,
                    0.5,
                    10,
                    2
                ]
            }
        },
        {
            "id": "admin-country-disputed",
            "type": "line",
            "source": "mapbox-streets",
            "source-layer": "admin",
            "minzoom": 1,
            "filter": [
                "all",
                [
                    "<=",
                    "admin_level",
                    2
                ],
                [
                    "==",
                    "disputed",
                    1
                ],
                [
                    "==",
                    "maritime",
                    0
                ]
            ],
            "layout": {
                "line-join": "round"
            },
            "paint": {
                "line-color": "#f0f0f0",
                "line-width": [
                    "interpolate",
                    [
                        "linear"
                    ],
                    [
                        "zoom"
                    ],
                    3,
                    0.5,
                    10,
                    2
                ],
                "line-dasharray": [
                    1.5,
                    1.5
                ]
            }
        }
    ],
    "created": "2018-05-29T21:54:45.728Z",
    "id": "cjhs7ziu2cwf52sqjdkv7xpl1",
    "modified": "2018-05-29T22:01:23.100Z",
    "owner": "dlivingston",
    "visibility": "private",
    "draft": false
}